original_index,display_index,text_path,audio_path,status
1,1,./35322 - Text/Chapter_0001_display_1.txt,./35322 - Audio/Chapter_0001_display_1.mp3,queued
2,2,./35322 - Text/Chapter_0002_display_2.txt,./35322 - Audio/Chapter_0002_display_2.mp3,queued
3,3,./35322 - Text/Chapter_0003_display_3.txt,./35322 - Audio/Chapter_0003_display_3.mp3,queued
4,4,./35322 - Text/Chapter_0004_display_4.txt,./35322 - Audio/Chapter_0004_display_4.mp3,queued
5,5,./35322 - Text/Chapter_0005_display_5.txt,./35322 - Audio/Chapter_0005_display_5.mp3,queued
6,6,./35322 - Text/Chapter_0006_display_6.txt,./35322 - Audio/Chapter_0006_display_6.mp3,queued
7,7,./35322 - Text/Chapter_0007_display_7.txt,./35322 - Audio/Chapter_0007_display_7.mp3,queued
8,8,./35322 - Text/Chapter_0008_display_8.txt,./35322 - Audio/Chapter_0008_display_8.mp3,queued
9,9,./35322 - Text/Chapter_0009_display_9.txt,./35322 - Audio/Chapter_0009_display_9.mp3,queued
10,10,./35322 - Text/Chapter_0010_display_10.txt,./35322 - Audio/Chapter_0010_display_10.mp3,queued
11,11,./35322 - Text/Chapter_0011_display_11.txt,./35322 - Audio/Chapter_0011_display_11.mp3,queued
12,12,./35322 - Text/Chapter_0012_display_12.txt,./35322 - Audio/Chapter_0012_display_12.mp3,queued
13,13,./35322 - Text/Chapter_0013_display_13.txt,./35322 - Audio/Chapter_0013_display_13.mp3,queued
14,14,./35322 - Text/Chapter_0014_display_14.txt,./35322 - Audio/Chapter_0014_display_14.mp3,queued
15,15,./35322 - Text/Chapter_0015_display_15.txt,./35322 - Audio/Chapter_0015_display_15.mp3,queued
16,16,./35322 - Text/Chapter_0016_display_16.txt,./35322 - Audio/Chapter_0016_display_16.mp3,queued
17,17,./35322 - Text/Chapter_0017_display_17.txt,./35322 - Audio/Chapter_0017_display_17.mp3,queued
18,18,./35322 - Text/Chapter_0018_display_18.txt,./35322 - Audio/Chapter_0018_display_18.mp3,queued
19,19,./35322 - Text/Chapter_0019_display_19.txt,./35322 - Audio/Chapter_0019_display_19.mp3,queued
20,20,./35322 - Text/Chapter_0020_display_20.txt,./35322 - Audio/Chapter_0020_display_20.mp3,queued
21,21,./35322 - Text/Chapter_0021_display_21.txt,./35322 - Audio/Chapter_0021_display_21.mp3,queued
22,22,./35322 - Text/Chapter_0022_display_22.txt,./35322 - Audio/Chapter_0022_display_22.mp3,queued
23,23,./35322 - Text/Chapter_0023_display_23.txt,./35322 - Audio/Chapter_0023_display_23.mp3,queued
24,24,./35322 - Text/Chapter_0024_display_24.txt,./35322 - Audio/Chapter_0024_display_24.mp3,queued
25,25,./35322 - Text/Chapter_0025_display_25.txt,./35322 - Audio/Chapter_0025_display_25.mp3,queued
26,26,./35322 - Text/Chapter_0026_display_26.txt,./35322 - Audio/Chapter_0026_display_26.mp3,queued
27,27,./35322 - Text/Chapter_0027_display_27.txt,./35322 - Audio/Chapter_0027_display_27.mp3,queued
28,28,./35322 - Text/Chapter_0028_display_28.txt,./35322 - Audio/Chapter_0028_display_28.mp3,queued
29,29,./35322 - Text/Chapter_0029_display_29.txt,./35322 - Audio/Chapter_0029_display_29.mp3,queued
30,30,./35322 - Text/Chapter_0030_display_30.txt,./35322 - Audio/Chapter_0030_display_30.mp3,queued
31,30.5,./35322 - Text/Chapter_0031_display_30_5.txt,./35322 - Audio/Chapter_0031_display_30_5.mp3,queued
32,31,./35322 - Text/Chapter_0032_display_31.txt,./35322 - Audio/Chapter_0032_display_31.mp3,queued
33,32,./35322 - Text/Chapter_0033_display_32.txt,./35322 - Audio/Chapter_0033_display_32.mp3,queued
34,33,./35322 - Text/Chapter_0034_display_33.txt,./35322 - Audio/Chapter_0034_display_33.mp3,queued
35,34,./35322 - Text/Chapter_0035_display_34.txt,./35322 - Audio/Chapter_0035_display_34.mp3,queued
36,35,./35322 - Text/Chapter_0036_display_35.txt,./35322 - Audio/Chapter_0036_display_35.mp3,queued
37,36,./35322 - Text/Chapter_0037_display_36.txt,./35322 - Audio/Chapter_0037_display_36.mp3,queued
38,37,./35322 - Text/Chapter_0038_display_37.txt,./35322 - Audio/Chapter_0038_display_37.mp3,queued
39,38,./35322 - Text/Chapter_0039_display_38.txt,./35322 - Audio/Chapter_0039_display_38.mp3,queued
40,39,./35322 - Text/Chapter_0040_display_39.txt,./35322 - Audio/Chapter_0040_display_39.mp3,queued
41,40,./35322 - Text/Chapter_0041_display_40.txt,./35322 - Audio/Chapter_0041_display_40.mp3,queued
42,41,./35322 - Text/Chapter_0042_display_41.txt,./35322 - Audio/Chapter_0042_display_41.mp3,queued
43,42,./35322 - Text/Chapter_0043_display_42.txt,./35322 - Audio/Chapter_0043_display_42.mp3,queued
44,43,./35322 - Text/Chapter_0044_display_43.txt,./35322 - Audio/Chapter_0044_display_43.mp3,queued
45,44,./35322 - Text/Chapter_0045_display_44.txt,./35322 - Audio/Chapter_0045_display_44.mp3,queued
46,45,./35322 - Text/Chapter_0046_display_45.txt,./35322 - Audio/Chapter_0046_display_45.mp3,queued
47,46,./35322 - Text/Chapter_0047_display_46.txt,./35322 - Audio/Chapter_0047_display_46.mp3,queued
48,47,./35322 - Text/Chapter_0048_display_47.txt,./35322 - Audio/Chapter_0048_display_47.mp3,queued
49,48,./35322 - Text/Chapter_0049_display_48.txt,./35322 - Audio/Chapter_0049_display_48.mp3,queued
50,49,./35322 - Text/Chapter_0050_display_49.txt,./35322 - Audio/Chapter_0050_display_49.mp3,queued
51,50,./35322 - Text/Chapter_0051_display_50.txt,./35322 - Audio/Chapter_0051_display_50.mp3,queued
52,51,./35322 - Text/Chapter_0052_display_51.txt,./35322 - Audio/Chapter_0052_display_51.mp3,queued
53,52,./35322 - Text/Chapter_0053_display_52.txt,./35322 - Audio/Chapter_0053_display_52.mp3,queued
54,53,./35322 - Text/Chapter_0054_display_53.txt,./35322 - Audio/Chapter_0054_display_53.mp3,queued
55,54,./35322 - Text/Chapter_0055_display_54.txt,./35322 - Audio/Chapter_0055_display_54.mp3,queued
56,55,./35322 - Text/Chapter_0056_display_55.txt,./35322 - Audio/Chapter_0056_display_55.mp3,queued
57,56,./35322 - Text/Chapter_0057_display_56.txt,./35322 - Audio/Chapter_0057_display_56.mp3,queued
58,57,./35322 - Text/Chapter_0058_display_57.txt,./35322 - Audio/Chapter_0058_display_57.mp3,queued
59,58,./35322 - Text/Chapter_0059_display_58.txt,./35322 - Audio/Chapter_0059_display_58.mp3,queued
60,59,./35322 - Text/Chapter_0060_display_59.txt,./35322 - Audio/Chapter_0060_display_59.mp3,queued
61,60,./35322 - Text/Chapter_0061_display_60.txt,./35322 - Audio/Chapter_0061_display_60.mp3,queued
62,61,./35322 - Text/Chapter_0062_display_61.txt,./35322 - Audio/Chapter_0062_display_61.mp3,queued
63,62,./35322 - Text/Chapter_0063_display_62.txt,./35322 - Audio/Chapter_0063_display_62.mp3,queued
64,63,./35322 - Text/Chapter_0064_display_63.txt,./35322 - Audio/Chapter_0064_display_63.mp3,queued
65,64,./35322 - Text/Chapter_0065_display_64.txt,./35322 - Audio/Chapter_0065_display_64.mp3,queued
66,65,./35322 - Text/Chapter_0066_display_65.txt,./35322 - Audio/Chapter_0066_display_65.mp3,queued
67,66,./35322 - Text/Chapter_0067_display_66.txt,./35322 - Audio/Chapter_0067_display_66.mp3,queued
68,67,./35322 - Text/Chapter_0068_display_67.txt,./35322 - Audio/Chapter_0068_display_67.mp3,queued
69,68,./35322 - Text/Chapter_0069_display_68.txt,./35322 - Audio/Chapter_0069_display_68.mp3,queued
70,69,./35322 - Text/Chapter_0070_display_69.txt,./35322 - Audio/Chapter_0070_display_69.mp3,queued
71,70,./35322 - Text/Chapter_0071_display_70.txt,./35322 - Audio/Chapter_0071_display_70.mp3,queued
72,71,./35322 - Text/Chapter_0072_display_71.txt,./35322 - Audio/Chapter_0072_display_71.mp3,queued
73,72,./35322 - Text/Chapter_0073_display_72.txt,./35322 - Audio/Chapter_0073_display_72.mp3,queued
74,73,./35322 - Text/Chapter_0074_display_73.txt,./35322 - Audio/Chapter_0074_display_73.mp3,queued
75,74,./35322 - Text/Chapter_0075_display_74.txt,./35322 - Audio/Chapter_0075_display_74.mp3,queued
76,75,./35322 - Text/Chapter_0076_display_75.txt,./35322 - Audio/Chapter_0076_display_75.mp3,queued
77,76,./35322 - Text/Chapter_0077_display_76.txt,./35322 - Audio/Chapter_0077_display_76.mp3,queued
78,77,./35322 - Text/Chapter_0078_display_77.txt,./35322 - Audio/Chapter_0078_display_77.mp3,queued
79,78,./35322 - Text/Chapter_0079_display_78.txt,./35322 - Audio/Chapter_0079_display_78.mp3,queued
80,79,./35322 - Text/Chapter_0080_display_79.txt,./35322 - Audio/Chapter_0080_display_79.mp3,queued
81,80,./35322 - Text/Chapter_0081_display_80.txt,./35322 - Audio/Chapter_0081_display_80.mp3,queued
82,81,./35322 - Text/Chapter_0082_display_81.txt,./35322 - Audio/Chapter_0082_display_81.mp3,queued
83,82,./35322 - Text/Chapter_0083_display_82.txt,./35322 - Audio/Chapter_0083_display_82.mp3,queued
84,83,./35322 - Text/Chapter_0084_display_83.txt,./35322 - Audio/Chapter_0084_display_83.mp3,queued
85,84,./35322 - Text/Chapter_0085_display_84.txt,./35322 - Audio/Chapter_0085_display_84.mp3,queued
86,85,./35322 - Text/Chapter_0086_display_85.txt,./35322 - Audio/Chapter_0086_display_85.mp3,queued
87,86,./35322 - Text/Chapter_0087_display_86.txt,./35322 - Audio/Chapter_0087_display_86.mp3,queued
88,87,./35322 - Text/Chapter_0088_display_87.txt,./35322 - Audio/Chapter_0088_display_87.mp3,queued
89,88,./35322 - Text/Chapter_0089_display_88.txt,./35322 - Audio/Chapter_0089_display_88.mp3,queued
90,89,./35322 - Text/Chapter_0090_display_89.txt,./35322 - Audio/Chapter_0090_display_89.mp3,queued
91,90,./35322 - Text/Chapter_0091_display_90.txt,./35322 - Audio/Chapter_0091_display_90.mp3,queued
92,91,./35322 - Text/Chapter_0092_display_91.txt,./35322 - Audio/Chapter_0092_display_91.mp3,queued
93,92,./35322 - Text/Chapter_0093_display_92.txt,./35322 - Audio/Chapter_0093_display_92.mp3,queued
94,93,./35322 - Text/Chapter_0094_display_93.txt,./35322 - Audio/Chapter_0094_display_93.mp3,queued
95,94,./35322 - Text/Chapter_0095_display_94.txt,./35322 - Audio/Chapter_0095_display_94.mp3,queued
96,95,./35322 - Text/Chapter_0096_display_95.txt,./35322 - Audio/Chapter_0096_display_95.mp3,queued
97,96,./35322 - Text/Chapter_0097_display_96.txt,./35322 - Audio/Chapter_0097_display_96.mp3,queued
98,97,./35322 - Text/Chapter_0098_display_97.txt,./35322 - Audio/Chapter_0098_display_97.mp3,queued
99,98,./35322 - Text/Chapter_0099_display_98.txt,./35322 - Audio/Chapter_0099_display_98.mp3,queued
100,99,./35322 - Text/Chapter_0100_display_99.txt,./35322 - Audio/Chapter_0100_display_99.mp3,queued
101,100,./35322 - Text/Chapter_0101_display_100.txt,./35322 - Audio/Chapter_0101_display_100.mp3,queued
102,101,./35322 - Text/Chapter_0102_display_101.txt,./35322 - Audio/Chapter_0102_display_101.mp3,queued
103,102,./35322 - Text/Chapter_0103_display_102.txt,./35322 - Audio/Chapter_0103_display_102.mp3,queued
104,103,./35322 - Text/Chapter_0104_display_103.txt,./35322 - Audio/Chapter_0104_display_103.mp3,queued
105,104,./35322 - Text/Chapter_0105_display_104.txt,./35322 - Audio/Chapter_0105_display_104.mp3,queued
106,105,./35322 - Text/Chapter_0106_display_105.txt,./35322 - Audio/Chapter_0106_display_105.mp3,queued
107,106,./35322 - Text/Chapter_0107_display_106.txt,./35322 - Audio/Chapter_0107_display_106.mp3,queued
108,107,./35322 - Text/Chapter_0108_display_107.txt,./35322 - Audio/Chapter_0108_display_107.mp3,queued
109,108,./35322 - Text/Chapter_0109_display_108.txt,./35322 - Audio/Chapter_0109_display_108.mp3,queued
110,109,./35322 - Text/Chapter_0110_display_109.txt,./35322 - Audio/Chapter_0110_display_109.mp3,queued
111,110,./35322 - Text/Chapter_0111_display_110.txt,./35322 - Audio/Chapter_0111_display_110.mp3,queued
112,111,./35322 - Text/Chapter_0112_display_111.txt,./35322 - Audio/Chapter_0112_display_111.mp3,queued
113,112,./35322 - Text/Chapter_0113_display_112.txt,./35322 - Audio/Chapter_0113_display_112.mp3,queued
114,113,./35322 - Text/Chapter_0114_display_113.txt,./35322 - Audio/Chapter_0114_display_113.mp3,queued
115,114,./35322 - Text/Chapter_0115_display_114.txt,./35322 - Audio/Chapter_0115_display_114.mp3,queued
116,115,./35322 - Text/Chapter_0116_display_115.txt,./35322 - Audio/Chapter_0116_display_115.mp3,queued
117,116,./35322 - Text/Chapter_0117_display_116.txt,./35322 - Audio/Chapter_0117_display_116.mp3,queued
118,117,./35322 - Text/Chapter_0118_display_117.txt,./35322 - Audio/Chapter_0118_display_117.mp3,queued
119,118,./35322 - Text/Chapter_0119_display_118.txt,./35322 - Audio/Chapter_0119_display_118.mp3,queued
120,119,./35322 - Text/Chapter_0120_display_119.txt,./35322 - Audio/Chapter_0120_display_119.mp3,queued
121,120,./35322 - Text/Chapter_0121_display_120.txt,./35322 - Audio/Chapter_0121_display_120.mp3,queued
122,121,./35322 - Text/Chapter_0122_display_121.txt,./35322 - Audio/Chapter_0122_display_121.mp3,queued
123,122,./35322 - Text/Chapter_0123_display_122.txt,./35322 - Audio/Chapter_0123_display_122.mp3,queued
124,123,./35322 - Text/Chapter_0124_display_123.txt,./35322 - Audio/Chapter_0124_display_123.mp3,queued
125,124,./35322 - Text/Chapter_0125_display_124.txt,./35322 - Audio/Chapter_0125_display_124.mp3,queued
126,125,./35322 - Text/Chapter_0126_display_125.txt,./35322 - Audio/Chapter_0126_display_125.mp3,queued
127,126,./35322 - Text/Chapter_0127_display_126.txt,./35322 - Audio/Chapter_0127_display_126.mp3,queued
128,127,./35322 - Text/Chapter_0128_display_127.txt,./35322 - Audio/Chapter_0128_display_127.mp3,queued
129,128,./35322 - Text/Chapter_0129_display_128.txt,./35322 - Audio/Chapter_0129_display_128.mp3,queued
130,129,./35322 - Text/Chapter_0130_display_129.txt,./35322 - Audio/Chapter_0130_display_129.mp3,queued
131,130,./35322 - Text/Chapter_0131_display_130.txt,./35322 - Audio/Chapter_0131_display_130.mp3,queued
132,131,./35322 - Text/Chapter_0132_display_131.txt,./35322 - Audio/Chapter_0132_display_131.mp3,queued
133,132,./35322 - Text/Chapter_0133_display_132.txt,./35322 - Audio/Chapter_0133_display_132.mp3,queued
134,133,./35322 - Text/Chapter_0134_display_133.txt,./35322 - Audio/Chapter_0134_display_133.mp3,queued
135,134,./35322 - Text/Chapter_0135_display_134.txt,./35322 - Audio/Chapter_0135_display_134.mp3,queued
136,135,./35322 - Text/Chapter_0136_display_135.txt,./35322 - Audio/Chapter_0136_display_135.mp3,queued
137,136,./35322 - Text/Chapter_0137_display_136.txt,./35322 - Audio/Chapter_0137_display_136.mp3,queued
138,137,./35322 - Text/Chapter_0138_display_137.txt,./35322 - Audio/Chapter_0138_display_137.mp3,queued
139,138,./35322 - Text/Chapter_0139_display_138.txt,./35322 - Audio/Chapter_0139_display_138.mp3,queued
140,139,./35322 - Text/Chapter_0140_display_139.txt,./35322 - Audio/Chapter_0140_display_139.mp3,queued
141,140,./35322 - Text/Chapter_0141_display_140.txt,./35322 - Audio/Chapter_0141_display_140.mp3,queued
142,141,./35322 - Text/Chapter_0142_display_141.txt,./35322 - Audio/Chapter_0142_display_141.mp3,queued
143,142,./35322 - Text/Chapter_0143_display_142.txt,./35322 - Audio/Chapter_0143_display_142.mp3,queued
144,143,./35322 - Text/Chapter_0144_display_143.txt,./35322 - Audio/Chapter_0144_display_143.mp3,queued
145,144,./35322 - Text/Chapter_0145_display_144.txt,./35322 - Audio/Chapter_0145_display_144.mp3,queued
146,145,./35322 - Text/Chapter_0146_display_145.txt,./35322 - Audio/Chapter_0146_display_145.mp3,queued
147,146,./35322 - Text/Chapter_0147_display_146.txt,./35322 - Audio/Chapter_0147_display_146.mp3,queued
148,147,./35322 - Text/Chapter_0148_display_147.txt,./35322 - Audio/Chapter_0148_display_147.mp3,queued
149,148,./35322 - Text/Chapter_0149_display_148.txt,./35322 - Audio/Chapter_0149_display_148.mp3,queued
150,149,./35322 - Text/Chapter_0150_display_149.txt,./35322 - Audio/Chapter_0150_display_149.mp3,queued
151,150,./35322 - Text/Chapter_0151_display_150.txt,./35322 - Audio/Chapter_0151_display_150.mp3,queued
152,151,./35322 - Text/Chapter_0152_display_151.txt,./35322 - Audio/Chapter_0152_display_151.mp3,queued
153,152,./35322 - Text/Chapter_0153_display_152.txt,./35322 - Audio/Chapter_0153_display_152.mp3,queued
154,153,./35322 - Text/Chapter_0154_display_153.txt,./35322 - Audio/Chapter_0154_display_153.mp3,queued
155,154,./35322 - Text/Chapter_0155_display_154.txt,./35322 - Audio/Chapter_0155_display_154.mp3,queued
156,155,./35322 - Text/Chapter_0156_display_155.txt,./35322 - Audio/Chapter_0156_display_155.mp3,queued
157,156,./35322 - Text/Chapter_0157_display_156.txt,./35322 - Audio/Chapter_0157_display_156.mp3,queued
158,157,./35322 - Text/Chapter_0158_display_157.txt,./35322 - Audio/Chapter_0158_display_157.mp3,queued
159,158,./35322 - Text/Chapter_0159_display_158.txt,./35322 - Audio/Chapter_0159_display_158.mp3,queued
160,159,./35322 - Text/Chapter_0160_display_159.txt,./35322 - Audio/Chapter_0160_display_159.mp3,queued
161,160,./35322 - Text/Chapter_0161_display_160.txt,./35322 - Audio/Chapter_0161_display_160.mp3,queued
162,161,./35322 - Text/Chapter_0162_display_161.txt,./35322 - Audio/Chapter_0162_display_161.mp3,queued
163,162,./35322 - Text/Chapter_0163_display_162.txt,./35322 - Audio/Chapter_0163_display_162.mp3,queued
164,163,./35322 - Text/Chapter_0164_display_163.txt,./35322 - Audio/Chapter_0164_display_163.mp3,queued
165,164,./35322 - Text/Chapter_0165_display_164.txt,./35322 - Audio/Chapter_0165_display_164.mp3,queued
166,165,./35322 - Text/Chapter_0166_display_165.txt,./35322 - Audio/Chapter_0166_display_165.mp3,queued
167,166,./35322 - Text/Chapter_0167_display_166.txt,./35322 - Audio/Chapter_0167_display_166.mp3,queued
168,167,./35322 - Text/Chapter_0168_display_167.txt,./35322 - Audio/Chapter_0168_display_167.mp3,queued
169,168,./35322 - Text/Chapter_0169_display_168.txt,./35322 - Audio/Chapter_0169_display_168.mp3,queued
170,169,./35322 - Text/Chapter_0170_display_169.txt,./35322 - Audio/Chapter_0170_display_169.mp3,queued
171,170,./35322 - Text/Chapter_0171_display_170.txt,./35322 - Audio/Chapter_0171_display_170.mp3,queued
172,171,./35322 - Text/Chapter_0172_display_171.txt,./35322 - Audio/Chapter_0172_display_171.mp3,queued
173,172,./35322 - Text/Chapter_0173_display_172.txt,./35322 - Audio/Chapter_0173_display_172.mp3,queued
174,173,./35322 - Text/Chapter_0174_display_173.txt,./35322 - Audio/Chapter_0174_display_173.mp3,queued
175,174,./35322 - Text/Chapter_0175_display_174.txt,./35322 - Audio/Chapter_0175_display_174.mp3,queued
176,175,./35322 - Text/Chapter_0176_display_175.txt,./35322 - Audio/Chapter_0176_display_175.mp3,queued
177,176,./35322 - Text/Chapter_0177_display_176.txt,./35322 - Audio/Chapter_0177_display_176.mp3,queued
178,177,./35322 - Text/Chapter_0178_display_177.txt,./35322 - Audio/Chapter_0178_display_177.mp3,queued
179,178,./35322 - Text/Chapter_0179_display_178.txt,./35322 - Audio/Chapter_0179_display_178.mp3,queued
180,179,./35322 - Text/Chapter_0180_display_179.txt,./35322 - Audio/Chapter_0180_display_179.mp3,queued
181,180,./35322 - Text/Chapter_0181_display_180.txt,./35322 - Audio/Chapter_0181_display_180.mp3,queued
182,181,./35322 - Text/Chapter_0182_display_181.txt,./35322 - Audio/Chapter_0182_display_181.mp3,queued
183,182,./35322 - Text/Chapter_0183_display_182.txt,./35322 - Audio/Chapter_0183_display_182.mp3,queued
184,183,./35322 - Text/Chapter_0184_display_183.txt,./35322 - Audio/Chapter_0184_display_183.mp3,queued
185,184,./35322 - Text/Chapter_0185_display_184.txt,./35322 - Audio/Chapter_0185_display_184.mp3,queued
186,185,./35322 - Text/Chapter_0186_display_185.txt,./35322 - Audio/Chapter_0186_display_185.mp3,queued
187,186,./35322 - Text/Chapter_0187_display_186.txt,./35322 - Audio/Chapter_0187_display_186.mp3,queued
188,187,./35322 - Text/Chapter_0188_display_187.txt,./35322 - Audio/Chapter_0188_display_187.mp3,queued
189,188,./35322 - Text/Chapter_0189_display_188.txt,./35322 - Audio/Chapter_0189_display_188.mp3,queued
190,189,./35322 - Text/Chapter_0190_display_189.txt,./35322 - Audio/Chapter_0190_display_189.mp3,queued
191,190,./35322 - Text/Chapter_0191_display_190.txt,./35322 - Audio/Chapter_0191_display_190.mp3,queued
192,191,./35322 - Text/Chapter_0192_display_191.txt,./35322 - Audio/Chapter_0192_display_191.mp3,queued
193,192,./35322 - Text/Chapter_0193_display_192.txt,./35322 - Audio/Chapter_0193_display_192.mp3,queued
194,193,./35322 - Text/Chapter_0194_display_193.txt,./35322 - Audio/Chapter_0194_display_193.mp3,queued
195,194,./35322 - Text/Chapter_0195_display_194.txt,./35322 - Audio/Chapter_0195_display_194.mp3,queued
196,195,./35322 - Text/Chapter_0196_display_195.txt,./35322 - Audio/Chapter_0196_display_195.mp3,queued
197,196,./35322 - Text/Chapter_0197_display_196.txt,./35322 - Audio/Chapter_0197_display_196.mp3,queued
198,197,./35322 - Text/Chapter_0198_display_197.txt,./35322 - Audio/Chapter_0198_display_197.mp3,queued
199,198,./35322 - Text/Chapter_0199_display_198.txt,./35322 - Audio/Chapter_0199_display_198.mp3,queued
200,199,./35322 - Text/Chapter_0200_display_199.txt,./35322 - Audio/Chapter_0200_display_199.mp3,queued
201,200,./35322 - Text/Chapter_0201_display_200.txt,./35322 - Audio/Chapter_0201_display_200.mp3,completed
202,201,./35322 - Text/Chapter_0202_display_201.txt,./35322 - Audio/Chapter_0202_display_201.mp3,completed
203,202,./35322 - Text/Chapter_0203_display_202.txt,./35322 - Audio/Chapter_0203_display_202.mp3,completed
204,203,./35322 - Text/Chapter_0204_display_203.txt,./35322 - Audio/Chapter_0204_display_203.mp3,completed
205,204,./35322 - Text/Chapter_0205_display_204.txt,./35322 - Audio/Chapter_0205_display_204.mp3,completed
206,205,./35322 - Text/Chapter_0206_display_205.txt,./35322 - Audio/Chapter_0206_display_205.mp3,completed
207,206,./35322 - Text/Chapter_0207_display_206.txt,./35322 - Audio/Chapter_0207_display_206.mp3,completed
208,207,./35322 - Text/Chapter_0208_display_207.txt,./35322 - Audio/Chapter_0208_display_207.mp3,completed
209,208,./35322 - Text/Chapter_0209_display_208.txt,./35322 - Audio/Chapter_0209_display_208.mp3,completed
210,209,./35322 - Text/Chapter_0210_display_209.txt,./35322 - Audio/Chapter_0210_display_209.mp3,completed
211,210,./35322 - Text/Chapter_0211_display_210.txt,./35322 - Audio/Chapter_0211_display_210.mp3,completed
212,211,./35322 - Text/Chapter_0212_display_211.txt,./35322 - Audio/Chapter_0212_display_211.mp3,completed
213,212,./35322 - Text/Chapter_0213_display_212.txt,./35322 - Audio/Chapter_0213_display_212.mp3,completed
214,213,./35322 - Text/Chapter_0214_display_213.txt,./35322 - Audio/Chapter_0214_display_213.mp3,completed
215,214,./35322 - Text/Chapter_0215_display_214.txt,./35322 - Audio/Chapter_0215_display_214.mp3,completed
216,215,./35322 - Text/Chapter_0216_display_215.txt,./35322 - Audio/Chapter_0216_display_215.mp3,completed
217,216,./35322 - Text/Chapter_0217_display_216.txt,./35322 - Audio/Chapter_0217_display_216.mp3,completed
218,217,./35322 - Text/Chapter_0218_display_217.txt,./35322 - Audio/Chapter_0218_display_217.mp3,completed
219,218,./35322 - Text/Chapter_0219_display_218.txt,./35322 - Audio/Chapter_0219_display_218.mp3,completed
220,219,./35322 - Text/Chapter_0220_display_219.txt,./35322 - Audio/Chapter_0220_display_219.mp3,completed
221,220,./35322 - Text/Chapter_0221_display_220.txt,./35322 - Audio/Chapter_0221_display_220.mp3,completed
222,221,./35322 - Text/Chapter_0222_display_221.txt,./35322 - Audio/Chapter_0222_display_221.mp3,completed
223,222,./35322 - Text/Chapter_0223_display_222.txt,./35322 - Audio/Chapter_0223_display_222.mp3,completed
224,223,./35322 - Text/Chapter_0224_display_223.txt,./35322 - Audio/Chapter_0224_display_223.mp3,completed
225,224,./35322 - Text/Chapter_0225_display_224.txt,./35322 - Audio/Chapter_0225_display_224.mp3,completed
226,225,./35322 - Text/Chapter_0226_display_225.txt,./35322 - Audio/Chapter_0226_display_225.mp3,completed
227,226,./35322 - Text/Chapter_0227_display_226.txt,./35322 - Audio/Chapter_0227_display_226.mp3,completed
228,227,./35322 - Text/Chapter_0228_display_227.txt,./35322 - Audio/Chapter_0228_display_227.mp3,completed
229,228,./35322 - Text/Chapter_0229_display_228.txt,./35322 - Audio/Chapter_0229_display_228.mp3,completed
230,229,./35322 - Text/Chapter_0230_display_229.txt,./35322 - Audio/Chapter_0230_display_229.mp3,completed
231,230,./35322 - Text/Chapter_0231_display_230.txt,./35322 - Audio/Chapter_0231_display_230.mp3,completed
232,231,./35322 - Text/Chapter_0232_display_231.txt,./35322 - Audio/Chapter_0232_display_231.mp3,completed
233,232,./35322 - Text/Chapter_0233_display_232.txt,./35322 - Audio/Chapter_0233_display_232.mp3,completed
234,233,./35322 - Text/Chapter_0234_display_233.txt,./35322 - Audio/Chapter_0234_display_233.mp3,completed
235,234,./35322 - Text/Chapter_0235_display_234.txt,./35322 - Audio/Chapter_0235_display_234.mp3,completed
236,235,./35322 - Text/Chapter_0236_display_235.txt,./35322 - Audio/Chapter_0236_display_235.mp3,completed
237,236,./35322 - Text/Chapter_0237_display_236.txt,./35322 - Audio/Chapter_0237_display_236.mp3,completed
238,237,./35322 - Text/Chapter_0238_display_237.txt,./35322 - Audio/Chapter_0238_display_237.mp3,completed
239,238,./35322 - Text/Chapter_0239_display_238.txt,./35322 - Audio/Chapter_0239_display_238.mp3,completed
240,239,./35322 - Text/Chapter_0240_display_239.txt,./35322 - Audio/Chapter_0240_display_239.mp3,completed
241,240,./35322 - Text/Chapter_0241_display_240.txt,./35322 - Audio/Chapter_0241_display_240.mp3,completed
242,241,./35322 - Text/Chapter_0242_display_241.txt,./35322 - Audio/Chapter_0242_display_241.mp3,completed
243,242,./35322 - Text/Chapter_0243_display_242.txt,./35322 - Audio/Chapter_0243_display_242.mp3,completed
244,243,./35322 - Text/Chapter_0244_display_243.txt,./35322 - Audio/Chapter_0244_display_243.mp3,completed
245,244,./35322 - Text/Chapter_0245_display_244.txt,./35322 - Audio/Chapter_0245_display_244.mp3,completed
246,245,./35322 - Text/Chapter_0246_display_245.txt,./35322 - Audio/Chapter_0246_display_245.mp3,completed
247,246,./35322 - Text/Chapter_0247_display_246.txt,./35322 - Audio/Chapter_0247_display_246.mp3,completed
248,247,./35322 - Text/Chapter_0248_display_247.txt,./35322 - Audio/Chapter_0248_display_247.mp3,completed
249,248,./35322 - Text/Chapter_0249_display_248.txt,./35322 - Audio/Chapter_0249_display_248.mp3,completed
250,249,./35322 - Text/Chapter_0250_display_249.txt,./35322 - Audio/Chapter_0250_display_249.mp3,completed
251,250,./35322 - Text/Chapter_0251_display_250.txt,./35322 - Audio/Chapter_0251_display_250.mp3,completed
252,251,./35322 - Text/Chapter_0252_display_251.txt,./35322 - Audio/Chapter_0252_display_251.mp3,completed
253,252,./35322 - Text/Chapter_0253_display_252.txt,./35322 - Audio/Chapter_0253_display_252.mp3,completed
254,253,./35322 - Text/Chapter_0254_display_253.txt,./35322 - Audio/Chapter_0254_display_253.mp3,completed
255,254,./35322 - Text/Chapter_0255_display_254.txt,./35322 - Audio/Chapter_0255_display_254.mp3,completed
256,255,./35322 - Text/Chapter_0256_display_255.txt,./35322 - Audio/Chapter_0256_display_255.mp3,completed
257,256,./35322 - Text/Chapter_0257_display_256.txt,./35322 - Audio/Chapter_0257_display_256.mp3,completed
258,257,./35322 - Text/Chapter_0258_display_257.txt,./35322 - Audio/Chapter_0258_display_257.mp3,completed
259,258,./35322 - Text/Chapter_0259_display_258.txt,./35322 - Audio/Chapter_0259_display_258.mp3,completed
260,259,./35322 - Text/Chapter_0260_display_259.txt,./35322 - Audio/Chapter_0260_display_259.mp3,completed
261,260,./35322 - Text/Chapter_0261_display_260.txt,./35322 - Audio/Chapter_0261_display_260.mp3,completed
262,261,./35322 - Text/Chapter_0262_display_261.txt,./35322 - Audio/Chapter_0262_display_261.mp3,completed
263,262,./35322 - Text/Chapter_0263_display_262.txt,./35322 - Audio/Chapter_0263_display_262.mp3,completed
264,263,./35322 - Text/Chapter_0264_display_263.txt,./35322 - Audio/Chapter_0264_display_263.mp3,completed
265,264,./35322 - Text/Chapter_0265_display_264.txt,./35322 - Audio/Chapter_0265_display_264.mp3,completed
266,265,./35322 - Text/Chapter_0266_display_265.txt,./35322 - Audio/Chapter_0266_display_265.mp3,completed
267,266,./35322 - Text/Chapter_0267_display_266.txt,./35322 - Audio/Chapter_0267_display_266.mp3,completed
268,267,./35322 - Text/Chapter_0268_display_267.txt,./35322 - Audio/Chapter_0268_display_267.mp3,completed
269,268,./35322 - Text/Chapter_0269_display_268.txt,./35322 - Audio/Chapter_0269_display_268.mp3,completed
270,269,./35322 - Text/Chapter_0270_display_269.txt,./35322 - Audio/Chapter_0270_display_269.mp3,completed
271,270,./35322 - Text/Chapter_0271_display_270.txt,./35322 - Audio/Chapter_0271_display_270.mp3,completed
272,271,./35322 - Text/Chapter_0272_display_271.txt,./35322 - Audio/Chapter_0272_display_271.mp3,completed
273,272,./35322 - Text/Chapter_0273_display_272.txt,./35322 - Audio/Chapter_0273_display_272.mp3,completed
274,273,./35322 - Text/Chapter_0274_display_273.txt,./35322 - Audio/Chapter_0274_display_273.mp3,completed
275,274,./35322 - Text/Chapter_0275_display_274.txt,./35322 - Audio/Chapter_0275_display_274.mp3,completed
276,275,./35322 - Text/Chapter_0276_display_275.txt,./35322 - Audio/Chapter_0276_display_275.mp3,completed
277,276,./35322 - Text/Chapter_0277_display_276.txt,./35322 - Audio/Chapter_0277_display_276.mp3,completed
278,277,./35322 - Text/Chapter_0278_display_277.txt,./35322 - Audio/Chapter_0278_display_277.mp3,completed
279,278,./35322 - Text/Chapter_0279_display_278.txt,./35322 - Audio/Chapter_0279_display_278.mp3,completed
280,279,./35322 - Text/Chapter_0280_display_279.txt,./35322 - Audio/Chapter_0280_display_279.mp3,completed
281,280,./35322 - Text/Chapter_0281_display_280.txt,./35322 - Audio/Chapter_0281_display_280.mp3,completed
282,281,./35322 - Text/Chapter_0282_display_281.txt,./35322 - Audio/Chapter_0282_display_281.mp3,completed
283,282,./35322 - Text/Chapter_0283_display_282.txt,./35322 - Audio/Chapter_0283_display_282.mp3,completed
284,283,./35322 - Text/Chapter_0284_display_283.txt,./35322 - Audio/Chapter_0284_display_283.mp3,completed
285,284,./35322 - Text/Chapter_0285_display_284.txt,./35322 - Audio/Chapter_0285_display_284.mp3,completed
286,285,./35322 - Text/Chapter_0286_display_285.txt,./35322 - Audio/Chapter_0286_display_285.mp3,completed
287,286,./35322 - Text/Chapter_0287_display_286.txt,./35322 - Audio/Chapter_0287_display_286.mp3,completed
288,287,./35322 - Text/Chapter_0288_display_287.txt,./35322 - Audio/Chapter_0288_display_287.mp3,completed
289,288,./35322 - Text/Chapter_0289_display_288.txt,./35322 - Audio/Chapter_0289_display_288.mp3,completed
290,289,./35322 - Text/Chapter_0290_display_289.txt,./35322 - Audio/Chapter_0290_display_289.mp3,completed
291,290,./35322 - Text/Chapter_0291_display_290.txt,./35322 - Audio/Chapter_0291_display_290.mp3,completed
292,291,./35322 - Text/Chapter_0292_display_291.txt,./35322 - Audio/Chapter_0292_display_291.mp3,completed
293,292,./35322 - Text/Chapter_0293_display_292.txt,./35322 - Audio/Chapter_0293_display_292.mp3,completed
294,293,./35322 - Text/Chapter_0294_display_293.txt,./35322 - Audio/Chapter_0294_display_293.mp3,completed
295,294,./35322 - Text/Chapter_0295_display_294.txt,./35322 - Audio/Chapter_0295_display_294.mp3,completed
296,295,./35322 - Text/Chapter_0296_display_295.txt,./35322 - Audio/Chapter_0296_display_295.mp3,completed
297,296,./35322 - Text/Chapter_0297_display_296.txt,./35322 - Audio/Chapter_0297_display_296.mp3,completed
298,297,./35322 - Text/Chapter_0298_display_297.txt,./35322 - Audio/Chapter_0298_display_297.mp3,completed
299,298,./35322 - Text/Chapter_0299_display_298.txt,./35322 - Audio/Chapter_0299_display_298.mp3,completed
300,299,./35322 - Text/Chapter_0300_display_299.txt,./35322 - Audio/Chapter_0300_display_299.mp3,completed
301,300,./35322 - Text/Chapter_0301_display_300.txt,./35322 - Audio/Chapter_0301_display_300.mp3,completed
302,301,./35322 - Text/Chapter_0302_display_301.txt,./35322 - Audio/Chapter_0302_display_301.mp3,completed
303,302,./35322 - Text/Chapter_0303_display_302.txt,./35322 - Audio/Chapter_0303_display_302.mp3,completed
304,303,./35322 - Text/Chapter_0304_display_303.txt,./35322 - Audio/Chapter_0304_display_303.mp3,completed
305,304,./35322 - Text/Chapter_0305_display_304.txt,./35322 - Audio/Chapter_0305_display_304.mp3,completed
306,305,./35322 - Text/Chapter_0306_display_305.txt,./35322 - Audio/Chapter_0306_display_305.mp3,completed
307,306,./35322 - Text/Chapter_0307_display_306.txt,./35322 - Audio/Chapter_0307_display_306.mp3,completed
308,307,./35322 - Text/Chapter_0308_display_307.txt,./35322 - Audio/Chapter_0308_display_307.mp3,completed
309,308,./35322 - Text/Chapter_0309_display_308.txt,./35322 - Audio/Chapter_0309_display_308.mp3,completed
310,309,./35322 - Text/Chapter_0310_display_309.txt,./35322 - Audio/Chapter_0310_display_309.mp3,completed
311,310,./35322 - Text/Chapter_0311_display_310.txt,./35322 - Audio/Chapter_0311_display_310.mp3,completed
312,311,./35322 - Text/Chapter_0312_display_311.txt,./35322 - Audio/Chapter_0312_display_311.mp3,completed
313,312,./35322 - Text/Chapter_0313_display_312.txt,./35322 - Audio/Chapter_0313_display_312.mp3,completed
314,313,./35322 - Text/Chapter_0314_display_313.txt,./35322 - Audio/Chapter_0314_display_313.mp3,completed
315,314,./35322 - Text/Chapter_0315_display_314.txt,./35322 - Audio/Chapter_0315_display_314.mp3,completed
316,315,./35322 - Text/Chapter_0316_display_315.txt,./35322 - Audio/Chapter_0316_display_315.mp3,completed
317,316,./35322 - Text/Chapter_0317_display_316.txt,./35322 - Audio/Chapter_0317_display_316.mp3,completed
318,317,./35322 - Text/Chapter_0318_display_317.txt,./35322 - Audio/Chapter_0318_display_317.mp3,completed
319,318,./35322 - Text/Chapter_0319_display_318.txt,./35322 - Audio/Chapter_0319_display_318.mp3,completed
320,319,./35322 - Text/Chapter_0320_display_319.txt,./35322 - Audio/Chapter_0320_display_319.mp3,completed
321,320,./35322 - Text/Chapter_0321_display_320.txt,./35322 - Audio/Chapter_0321_display_320.mp3,completed
322,321,./35322 - Text/Chapter_0322_display_321.txt,./35322 - Audio/Chapter_0322_display_321.mp3,completed
323,322,./35322 - Text/Chapter_0323_display_322.txt,./35322 - Audio/Chapter_0323_display_322.mp3,completed
324,323,./35322 - Text/Chapter_0324_display_323.txt,./35322 - Audio/Chapter_0324_display_323.mp3,completed
325,324,./35322 - Text/Chapter_0325_display_324.txt,./35322 - Audio/Chapter_0325_display_324.mp3,completed
326,325,./35322 - Text/Chapter_0326_display_325.txt,./35322 - Audio/Chapter_0326_display_325.mp3,completed
327,326,./35322 - Text/Chapter_0327_display_326.txt,./35322 - Audio/Chapter_0327_display_326.mp3,completed
328,327,./35322 - Text/Chapter_0328_display_327.txt,./35322 - Audio/Chapter_0328_display_327.mp3,completed
329,328,./35322 - Text/Chapter_0329_display_328.txt,./35322 - Audio/Chapter_0329_display_328.mp3,completed
330,329,./35322 - Text/Chapter_0330_display_329.txt,./35322 - Audio/Chapter_0330_display_329.mp3,completed
331,330,./35322 - Text/Chapter_0331_display_330.txt,./35322 - Audio/Chapter_0331_display_330.mp3,completed
332,331,./35322 - Text/Chapter_0332_display_331.txt,./35322 - Audio/Chapter_0332_display_331.mp3,completed
333,332,./35322 - Text/Chapter_0333_display_332.txt,./35322 - Audio/Chapter_0333_display_332.mp3,completed
334,333,./35322 - Text/Chapter_0334_display_333.txt,./35322 - Audio/Chapter_0334_display_333.mp3,completed
335,334,./35322 - Text/Chapter_0335_display_334.txt,./35322 - Audio/Chapter_0335_display_334.mp3,completed
336,335,./35322 - Text/Chapter_0336_display_335.txt,./35322 - Audio/Chapter_0336_display_335.mp3,completed
337,336,./35322 - Text/Chapter_0337_display_336.txt,./35322 - Audio/Chapter_0337_display_336.mp3,completed
338,337,./35322 - Text/Chapter_0338_display_337.txt,./35322 - Audio/Chapter_0338_display_337.mp3,completed
339,338,./35322 - Text/Chapter_0339_display_338.txt,./35322 - Audio/Chapter_0339_display_338.mp3,completed
340,339,./35322 - Text/Chapter_0340_display_339.txt,./35322 - Audio/Chapter_0340_display_339.mp3,completed
341,340,./35322 - Text/Chapter_0341_display_340.txt,./35322 - Audio/Chapter_0341_display_340.mp3,completed
342,341,./35322 - Text/Chapter_0342_display_341.txt,./35322 - Audio/Chapter_0342_display_341.mp3,completed
343,342,./35322 - Text/Chapter_0343_display_342.txt,./35322 - Audio/Chapter_0343_display_342.mp3,completed
344,343,./35322 - Text/Chapter_0344_display_343.txt,./35322 - Audio/Chapter_0344_display_343.mp3,completed
345,344,./35322 - Text/Chapter_0345_display_344.txt,./35322 - Audio/Chapter_0345_display_344.mp3,completed
346,345,./35322 - Text/Chapter_0346_display_345.txt,./35322 - Audio/Chapter_0346_display_345.mp3,completed
347,346,./35322 - Text/Chapter_0347_display_346.txt,./35322 - Audio/Chapter_0347_display_346.mp3,completed
348,347,./35322 - Text/Chapter_0348_display_347.txt,./35322 - Audio/Chapter_0348_display_347.mp3,completed
349,348,./35322 - Text/Chapter_0349_display_348.txt,./35322 - Audio/Chapter_0349_display_348.mp3,completed
350,349,./35322 - Text/Chapter_0350_display_349.txt,./35322 - Audio/Chapter_0350_display_349.mp3,completed
351,350,./35322 - Text/Chapter_0351_display_350.txt,./35322 - Audio/Chapter_0351_display_350.mp3,completed
352,351,./35322 - Text/Chapter_0352_display_351.txt,./35322 - Audio/Chapter_0352_display_351.mp3,completed
353,352,./35322 - Text/Chapter_0353_display_352.txt,./35322 - Audio/Chapter_0353_display_352.mp3,completed
354,353,./35322 - Text/Chapter_0354_display_353.txt,./35322 - Audio/Chapter_0354_display_353.mp3,completed
355,354,./35322 - Text/Chapter_0355_display_354.txt,./35322 - Audio/Chapter_0355_display_354.mp3,completed
356,355,./35322 - Text/Chapter_0356_display_355.txt,./35322 - Audio/Chapter_0356_display_355.mp3,completed
357,356,./35322 - Text/Chapter_0357_display_356.txt,./35322 - Audio/Chapter_0357_display_356.mp3,completed
358,357,./35322 - Text/Chapter_0358_display_357.txt,./35322 - Audio/Chapter_0358_display_357.mp3,completed
359,358,./35322 - Text/Chapter_0359_display_358.txt,./35322 - Audio/Chapter_0359_display_358.mp3,completed
360,359,./35322 - Text/Chapter_0360_display_359.txt,./35322 - Audio/Chapter_0360_display_359.mp3,completed
361,360,./35322 - Text/Chapter_0361_display_360.txt,./35322 - Audio/Chapter_0361_display_360.mp3,completed
362,361,./35322 - Text/Chapter_0362_display_361.txt,./35322 - Audio/Chapter_0362_display_361.mp3,completed
363,362,./35322 - Text/Chapter_0363_display_362.txt,./35322 - Audio/Chapter_0363_display_362.mp3,completed
364,363,./35322 - Text/Chapter_0364_display_363.txt,./35322 - Audio/Chapter_0364_display_363.mp3,completed
365,364,./35322 - Text/Chapter_0365_display_364.txt,./35322 - Audio/Chapter_0365_display_364.mp3,completed
366,365,./35322 - Text/Chapter_0366_display_365.txt,./35322 - Audio/Chapter_0366_display_365.mp3,completed
367,366,./35322 - Text/Chapter_0367_display_366.txt,./35322 - Audio/Chapter_0367_display_366.mp3,completed
368,367,./35322 - Text/Chapter_0368_display_367.txt,./35322 - Audio/Chapter_0368_display_367.mp3,completed
369,368,./35322 - Text/Chapter_0369_display_368.txt,./35322 - Audio/Chapter_0369_display_368.mp3,completed
370,369,./35322 - Text/Chapter_0370_display_369.txt,./35322 - Audio/Chapter_0370_display_369.mp3,completed
371,370,./35322 - Text/Chapter_0371_display_370.txt,./35322 - Audio/Chapter_0371_display_370.mp3,completed
372,371,./35322 - Text/Chapter_0372_display_371.txt,./35322 - Audio/Chapter_0372_display_371.mp3,completed
373,372,./35322 - Text/Chapter_0373_display_372.txt,./35322 - Audio/Chapter_0373_display_372.mp3,completed
374,373,./35322 - Text/Chapter_0374_display_373.txt,./35322 - Audio/Chapter_0374_display_373.mp3,completed
375,374,./35322 - Text/Chapter_0375_display_374.txt,./35322 - Audio/Chapter_0375_display_374.mp3,completed
376,375,./35322 - Text/Chapter_0376_display_375.txt,./35322 - Audio/Chapter_0376_display_375.mp3,completed
377,376,./35322 - Text/Chapter_0377_display_376.txt,./35322 - Audio/Chapter_0377_display_376.mp3,completed
378,377,./35322 - Text/Chapter_0378_display_377.txt,./35322 - Audio/Chapter_0378_display_377.mp3,completed
379,378,./35322 - Text/Chapter_0379_display_378.txt,./35322 - Audio/Chapter_0379_display_378.mp3,completed
380,379,./35322 - Text/Chapter_0380_display_379.txt,./35322 - Audio/Chapter_0380_display_379.mp3,completed
381,380,./35322 - Text/Chapter_0381_display_380.txt,./35322 - Audio/Chapter_0381_display_380.mp3,completed
382,381,./35322 - Text/Chapter_0382_display_381.txt,./35322 - Audio/Chapter_0382_display_381.mp3,completed
383,382,./35322 - Text/Chapter_0383_display_382.txt,./35322 - Audio/Chapter_0383_display_382.mp3,completed
384,383,./35322 - Text/Chapter_0384_display_383.txt,./35322 - Audio/Chapter_0384_display_383.mp3,completed
385,384,./35322 - Text/Chapter_0385_display_384.txt,./35322 - Audio/Chapter_0385_display_384.mp3,completed
386,385,./35322 - Text/Chapter_0386_display_385.txt,./35322 - Audio/Chapter_0386_display_385.mp3,completed
387,386,./35322 - Text/Chapter_0387_display_386.txt,./35322 - Audio/Chapter_0387_display_386.mp3,completed
388,387,./35322 - Text/Chapter_0388_display_387.txt,./35322 - Audio/Chapter_0388_display_387.mp3,completed
389,388,./35322 - Text/Chapter_0389_display_388.txt,./35322 - Audio/Chapter_0389_display_388.mp3,completed
390,389,./35322 - Text/Chapter_0390_display_389.txt,./35322 - Audio/Chapter_0390_display_389.mp3,completed
391,390,./35322 - Text/Chapter_0391_display_390.txt,./35322 - Audio/Chapter_0391_display_390.mp3,completed
392,391,./35322 - Text/Chapter_0392_display_391.txt,./35322 - Audio/Chapter_0392_display_391.mp3,completed
393,392,./35322 - Text/Chapter_0393_display_392.txt,./35322 - Audio/Chapter_0393_display_392.mp3,completed
394,393,./35322 - Text/Chapter_0394_display_393.txt,./35322 - Audio/Chapter_0394_display_393.mp3,completed
395,394,./35322 - Text/Chapter_0395_display_394.txt,./35322 - Audio/Chapter_0395_display_394.mp3,completed
396,395,./35322 - Text/Chapter_0396_display_395.txt,./35322 - Audio/Chapter_0396_display_395.mp3,completed
397,396,./35322 - Text/Chapter_0397_display_396.txt,./35322 - Audio/Chapter_0397_display_396.mp3,completed
398,397,./35322 - Text/Chapter_0398_display_397.txt,./35322 - Audio/Chapter_0398_display_397.mp3,completed
399,398,./35322 - Text/Chapter_0399_display_398.txt,./35322 - Audio/Chapter_0399_display_398.mp3,completed
400,399,./35322 - Text/Chapter_0400_display_399.txt,./35322 - Audio/Chapter_0400_display_399.mp3,completed
401,400,./35322 - Text/Chapter_0401_display_400.txt,./35322 - Audio/Chapter_0401_display_400.mp3,completed
